<?xml version="1.0" encoding="UTF-8"?>
<project-private xmlns="http://www.netbeans.org/ns/project-private/1">
    <open-files xmlns="http://www.netbeans.org/ns/projectui-open-files/2">
        <group>
            <file>file:/C:/xampp/htdocs/Connect4_v5/TestConnect4.php</file>
            <file>file:/C:/xampp/htdocs/Connect4_v5/Game.php</file>
            <file>file:/C:/xampp/htdocs/Connect4_v5/Board.php</file>
            <file>file:/C:/xampp/htdocs/Connect4_v5/User.php</file>
        </group>
    </open-files>
</project-private>
