<?xml version="1.0" encoding="UTF-8"?>
<project-private xmlns="http://www.netbeans.org/ns/project-private/1">
    <editor-bookmarks xmlns="http://www.netbeans.org/ns/editor-bookmarks/2" lastBookmarkId="0"/>
    <open-files xmlns="http://www.netbeans.org/ns/projectui-open-files/2">
        <group>
            <file>file:/C:/xampp/htdocs/ConnectFour_V6_1/includes/user.php</file>
            <file>file:/C:/xampp/htdocs/ConnectFour_V6_1/includes/gameboard.html</file>
            <file>file:/C:/xampp/htdocs/ConnectFour_V6_1/includes/displayfunctions.js</file>
            <file>file:/C:/xampp/htdocs/ConnectFour_V6_1/deluser.php</file>
            <file>file:/C:/xampp/htdocs/ConnectFour_V6_1/index.php</file>
            <file>file:/C:/xampp/htdocs/ConnectFour_V6_1/Connect4.js</file>
            <file>file:/C:/xampp/htdocs/ConnectFour_V6_1/playgame.php</file>
            <file>file:/C:/xampp/htdocs/ConnectFour_V6_1/edituser.php</file>
            <file>file:/C:/xampp/htdocs/ConnectFour_V6_1/allusers.php</file>
            <file>file:/C:/xampp/htdocs/ConnectFour_V6_1/registerhandler.php</file>
            <file>file:/C:/xampp/htdocs/ConnectFour_V6_1/savestats.php</file>
            <file>file:/C:/xampp/htdocs/ConnectFour_V6_1/registerform.php</file>
            <file>file:/C:/xampp/htdocs/ConnectFour_V6_1/includes/main.css</file>
        </group>
    </open-files>
</project-private>
