<?xml version="1.0" encoding="UTF-8"?>
<project-private xmlns="http://www.netbeans.org/ns/project-private/1">
    <data xmlns="http://www.netbeans.org/ns/make-project-private/1">
        <activeConfTypeElem>1</activeConfTypeElem>
        <activeConfIndexElem>0</activeConfIndexElem>
    </data>
    <editor-bookmarks xmlns="http://www.netbeans.org/ns/editor-bookmarks/2" lastBookmarkId="0"/>
    <open-files xmlns="http://www.netbeans.org/ns/projectui-open-files/2">
        <group>
            <file>file:/C:/Users/crlev/OneDrive/Desktop/Program%20files/C++%20CIS%2017B/Game_v2/Game%20v2.1/Game.cpp</file>
            <file>file:/C:/Users/crlev/OneDrive/Desktop/Program%20files/C++%20CIS%2017B/Game_v2/Game%20v2.1/main.cpp</file>
            <file>file:/C:/Users/crlev/OneDrive/Desktop/Program%20files/C++%20CIS%2017B/Game_v2/Game%20v2.1/Board.h</file>
            <file>file:/C:/Users/crlev/OneDrive/Desktop/Program%20files/C++%20CIS%2017B/Game_v2/Game%20v2.1/Game.h</file>
        </group>
    </open-files>
</project-private>
